"","rsIDforJoseph","num_proxies","BR_Proxy","BR_MissingRate","BR_RSquared","BR_Order","BMR_Proxy","BMR_MissingRate","BMR_RSquared","BMR_Order"
"1","rs1014486",1,"rs1014486",0.000495900555408622,1,1,"rs1014486",0.000495900555408622,1,1
"2","rs1021156",4,"rs7842142",0.000661200740544829,1,12,"rs7842142",0.000661200740544829,1,12
"3","rs1077667",1,"rs1077667",0.000462840518381381,1,1,"rs1077667",0.000462840518381381,1,1
"4","rs11052877",1,"rs11052877",0.000694260777572071,1,1,"rs11052877",0.000694260777572071,1,1
"5","rs11154801",1,"rs11154801",0.000793440888653795,1,1,"rs11154801",0.000793440888653795,1,1
"6","rs1131265",3,"rs2293370",0.000462840518381381,1,2,"rs2293370",0.000462840518381381,1,2
"7","rs11554159",2,"rs4808762",0.000562020629463105,0.819,3,"rs4808762",0.000562020629463105,0.819,3
"8","rs11581062",4,"rs11581062",0.000495900555408622,1,1,"rs11581062",0.000495900555408622,1,1
"9","rs11587876",2,"rs11587876",0.000528960592435864,1,1,"rs11587876",0.000528960592435864,1,1
"10","rs11719975",2,"rs9284846",0.000495900555408622,1,11,"rs9284846",0.000495900555408622,1,11
"11","rs12087340",1,"rs4074156",0.000760380851626554,0.818,17,"rs4074156",0.000760380851626554,0.818,17
"12","rs12148050",1,"rs12148050",0.00115710129595345,1,1,"rs12148050",0.00115710129595345,1,1
"13","rs12149527",2,"rs7199945",0.00089262099973552,0.901,2,"rs7199945",0.00089262099973552,0.901,2
"14","rs12296430",1,"rs2364482",0.000595080666490346,1,3,"rs2364482",0.000595080666490346,1,3
"15","rs12927355",3,"rs2041670",0.000562020629463105,1,9,"rs2041670",0.000562020629463105,1,9
"16","rs12946510",2,"rs2305480",0.000793440888653795,0.875,27,"rs2305480",0.000793440888653795,0.875,27
"17","rs1359062",3,"rs2816316",0.000958741073790003,0.945,9,"rs2816316",0.000958741073790003,0.945,9
"18","rs17066096",1,"rs17066096",0.000694260777572071,1,1,"rs17066096",0.000694260777572071,1,1
"19","rs17119",3,"rs1267499",0.00023142025919069,0.917,10,"rs1267499",0.00023142025919069,0.917,10
"20","rs17174870",1,"rs17174870",0.00115710129595345,1,1,"rs17174870",0.00115710129595345,1,1
"21","rs1800693",2,"rs1800693",0.000760380851626554,1,1,"rs1800693",0.000760380851626554,1,1
"22","rs1813375",2,"rs427221",0.00115710129595345,1,5,"rs669607",0.000826500925681037,0.967,14
"23","rs1843938",1,"rs1843938",0.000462840518381381,1,1,"rs1843938",0.000462840518381381,1,1
"24","rs1870071",2,"rs1870071",0.000330600370272415,1,1,"rs1870071",0.000330600370272415,1,1
"25","rs1886700",1,"rs1886700",0.000760380851626554,1,1,"rs1886700",0.000760380851626554,1,1
"26","rs1920296",4,"rs6438678",0.000628140703517588,1,4,"rs6438678",0.000628140703517588,1,4
"27","rs2028597",2,"rs2028597",0.000429780481354139,1,1,"rs2028597",0.000429780481354139,1,1
"28","rs2050568",4,"rs2050568",0.000495900555408622,1,1,"rs7522061",0.000396720444326898,0.869,31
"29","rs2150702",1,"rs2150702",0.000562020629463105,1,1,"rs2150702",0.000562020629463105,1,1
"30","rs2236262",1,"rs4899263",0.000727320814599312,0.822,11,"rs4899263",0.000727320814599312,0.822,11
"31","rs2248359",1,"rs2248359",0.000628140703517588,1,1,"rs2248359",0.000628140703517588,1,1
"32","rs2255214",1,"rs2255214",0.00244644274001587,1,1,"rs2255214",0.00244644274001587,1,1
"33","rs2256814",1,"rs2315654",0.00102486114784449,0.941,12,"rs2315654",0.00102486114784449,0.941,12
"34","rs2283792",5,"rs2283792",0.00102486114784449,1,1,"rs240066",0.000330600370272415,0.812,58
"35","rs2288904",2,"rs3087969",0.000793440888653795,1,7,"rs3087969",0.000793440888653795,1,7
"36","rs2456449",4,"rs2456449",0.00109098122189897,1,1,"rs2466031",0.00089262099973552,0.811,10
"37","rs2546890",1,"rs2546890",0.00112404125892621,1,1,"rs2546890",0.00112404125892621,1,1
"38","rs2688608",2,"rs2688608",0.000562020629463105,1,1,"rs2688608",0.000562020629463105,1,1
"39","rs2726518",2,"rs2726459",0.00115710129595345,0.967,9,"rs2726459",0.00115710129595345,0.967,9
"40","rs2744148",1,"rs2744148",0.000429780481354139,1,1,"rs2744148",0.000429780481354139,1,1
"41","rs3007421",1,"rs3007421",0.000859560962708278,1,1,"rs3007421",0.000859560962708278,1,1
"42","rs354033",4,"rs354042",0.000628140703517588,1,4,"rs354042",0.000628140703517588,1,4
"43","rs35967351",1,"rs518721",0.00195054218460725,0.861,12,"rs518721",0.00195054218460725,0.861,12
"44","rs3748817",3,"rs3748816",0.000958741073790003,0.928,42,"rs3890745",0.000562020629463105,0.926,53
"45","rs4410871",1,"rs4410871",0.000495900555408622,1,1,"rs4410871",0.000495900555408622,1,1
"46","rs470119",1,"rs470119",0.000661200740544829,1,1,"rs470119",0.000661200740544829,1,1
"47","rs4772201",1,"rs4772201",0.000562020629463105,1,1,"rs4772201",0.000562020629463105,1,1
"48","rs4794058",7,"rs11079784",0.00161994181433483,1,11,"rs9893901",0.000528960592435864,0.806,80
"49","rs4796791",1,"rs9891119",0.000562020629463105,0.965,7,"rs9891119",0.000562020629463105,0.965,7
"50","rs4810485",2,"rs1569723",0.00105792118487173,0.956,2,"rs1569723",0.00105792118487173,0.956,2
"51","rs4903324",4,"rs4903324",0.000595080666490346,1,1,"rs3759738",0.000462840518381381,0.943,11
"52","rs4976646",1,"rs4075958",0.000462840518381381,0.835,9,"rs4075958",0.000462840518381381,0.835,9
"53","rs523604",1,"rs523604",0.00155382174028035,1,1,"rs523604",0.00155382174028035,1,1
"54","rs533646",2,"rs519982",0.000760380851626554,1,11,"rs519982",0.000760380851626554,1,11
"55","rs55838263",3,"rs2297909",0.000958741073790003,0.894,20,"rs12122721",0.000363660407299656,0.893,25
"56","rs59772922",1,"rs9806693",0.00204972229568897,1,4,"rs9806693",0.00204972229568897,1,4
"57","rs60600003",1,"rs11984075",0.00191748214758001,0.867,37,"rs11984075",0.00191748214758001,0.867,37
"58","rs6498184",5,"rs12928822",0.000495900555408622,1,16,"rs12928822",0.000495900555408622,1,16
"59","rs666930",1,"rs666930",0.000694260777572071,1,1,"rs666930",0.000694260777572071,1,1
"60","rs6677309",1,"rs758518",0.00132240148108966,1,3,"rs758518",0.00132240148108966,1,3
"61","rs6880778",2,"rs1373692",0.000429780481354139,0.835,16,"rs1373692",0.000429780481354139,0.835,16
"62","rs6881706",1,"rs6897932",0.000727320814599312,1,5,"rs6897932",0.000727320814599312,1,5
"63","rs706015",1,"rs774250",0.000694260777572071,0.929,2,"rs774250",0.000694260777572071,0.929,2
"64","rs7120737",4,"rs7120737",0.000297540333245173,1,1,"rs7120737",0.000297540333245173,1,1
"65","rs7132277",5,"rs655293",0.00145464162919862,0.947,4,"rs937564",0.000462840518381381,0.898,51
"66","rs71624119",1,"rs10065637",0.000264480296217932,0.904,2,"rs10065637",0.000264480296217932,0.904,2
"67","rs7196953",1,"rs7196953",0.000661200740544829,1,1,"rs7196953",0.000661200740544829,1,1
"68","rs7204270",2,"rs7204270",0.00168606188838932,1,1,"rs7204270",0.00168606188838932,1,1
"69","rs7238078",3,"rs4545915",0.000429780481354139,1,17,"rs4545915",0.000429780481354139,1,17
"70","rs72928038",1,"rs10944479",0.00185136207352552,0.932,2,"rs10944479",0.00185136207352552,0.932,2
"71","rs756699",2,"rs756699",0.000330600370272415,1,1,"rs756699",0.000330600370272415,1,1
"72","rs7595717",2,"rs3816281",0.000694260777572071,0.92,5,"rs3816281",0.000694260777572071,0.92,5
"73","rs759648",1,"rs759648",0.00138852155514414,1,1,"rs759648",0.00138852155514414,1,1
"74","rs7665090",3,"rs2866413",0.000760380851626554,1,34,"rs228614",0.000727320814599312,0.87,71
"75","rs7769192",3,"rs686851",0.000958741073790003,0.902,41,"rs686851",0.000958741073790003,0.902,41
"76","rs7923837",1,"rs7923837",0.00148770166622587,1,1,"rs7923837",0.00148770166622587,1,1
"77","rs793108",1,"rs1624116",0.00089262099973552,0.869,8,"rs1624116",0.00089262099973552,0.869,8
"78","rs8042861",5,"rs8042861",0.000991801110817244,1,1,"rs8033595",0.00089262099973552,0.83,56
"79","rs8070345",3,"rs2777899",0.000793440888653795,0.966,6,"rs2777899",0.000793440888653795,0.966,6
"80","rs8107548",1,"rs2303759",0.00128934144406242,0.918,12,"rs2303759",0.00128934144406242,0.918,12
"81","rs842639",5,"rs12713430",0.000760380851626554,1,3,"rs842647",0.000628140703517588,0.964,7
"82","rs917116",1,"rs917117",0.00105792118487173,0.838,8,"rs917117",0.00105792118487173,0.838,8
"83","rs9282641",2,"rs9282641",0.00023142025919069,1,1,"rs9282641",0.00023142025919069,1,1
"84","rs941816",1,"rs941816",0.000760380851626554,1,1,"rs941816",0.000760380851626554,1,1
"85","rs9828629",2,"rs9828629",0.000727320814599312,1,1,"rs9828629",0.000727320814599312,1,1
"86","rs9967792",2,"rs4555370",0.000562020629463105,0.964,18,"rs4555370",0.000562020629463105,0.964,18
"87","rs9989735",3,"rs13397985",0.000793440888653795,0.948,12,"rs10201872",0.000760380851626554,0.842,26
