"","rsIDforJoseph","rsID","allele","isRiskAllele","OR","p.val"
"rs1014486_G","rs1014486","rs1014486","G",TRUE,1.07604115032165,4.35565009130273e-05
"rs7842142_A","rs1021156","rs7842142","A",TRUE,1.08691413124119,2.26444709640089e-05
"rs1077667_A","rs1077667","rs1077667","A",FALSE,1.21233921335158,5.6583808123451e-18
"rs11154801_A","rs11154801","rs11154801","A",TRUE,1.17579818959329,1.59128198742413e-18
"rs2293370_A","rs1131265","rs2293370","A",FALSE,1.1657843609841,1.03675702118252e-10
"rs4808762_G","rs11554159","rs4808762","G",FALSE,1.15799779832679,4.49191456865061e-13
"rs11581062_G","rs11581062","rs11581062","G",TRUE,1.1318065158041,2.07463867251278e-10
"rs11587876_G","rs11587876","rs11587876","G",FALSE,1.09251385750813,8.92562937116866e-05
"rs9284846_A","rs11719975","rs9284846","A",TRUE,1.0915605503976,1.2439898030832e-05
"rs4074156_G","rs12087340","rs4074156","G",TRUE,1.18514014033515,2.26869212298601e-09
"rs12148050_A","rs12148050","rs12148050","A",TRUE,1.08229106874095,1.82562172516584e-05
"rs7199945_A","rs12149527","rs7199945","A",TRUE,1.08030366185241,1.56832184439428e-05
"rs2364482_C","rs12296430","rs2364482","C",TRUE,1.0765438205249,0.000733602408341906
"rs2041670_A","rs12927355","rs2041670","A",FALSE,1.21177505021515,3.85564976979166e-23
"rs2305480_A","rs12946510","rs2305480","A",TRUE,1.05019885841931,0.00615899989354124
"rs2816316_C","rs1359062","rs2816316","C",FALSE,1.10882279537356,1.58892297354369e-05
"rs17066096_G","rs17066096","rs17066096","G",TRUE,1.14105717257544,1.27557343508443e-10
"rs1267499_A","rs17119","rs1267499","A",FALSE,1.12058747697992,5.8855671374742e-07
"rs17174870_A","rs17174870","rs17174870","A",FALSE,1.14068293715853,2.70300217188392e-10
"rs1800693_G","rs1800693","rs1800693","G",TRUE,1.11535576108512,1.86229640503127e-09
"rs427221_G","rs1813375","rs427221","G",TRUE,1.14903861718545,5.7110161549557e-15
"rs1843938_A","rs1843938","rs1843938","A",TRUE,1.07812273629531,2.89376597582698e-05
"rs1870071_G","rs1870071","rs1870071","G",TRUE,1.07209850508685,0.000310900376512722
"rs1886700_A","rs1886700","rs1886700","A",TRUE,1.10005231003406,7.64133079220093e-05
"rs6438678_G","rs1920296","rs6438678","G",FALSE,1.09978832622485,4.74458529939117e-07
"rs2028597_A","rs2028597","rs2028597","A",FALSE,1.17704351630506,1.10630358897125e-06
"rs2050568_A","rs2050568","rs2050568","A",FALSE,1.06589169201905,0.000366994767932627
"rs4899263_G","rs2236262","rs4899263","G",TRUE,1.08247844217318,8.93539108367335e-06
"rs2248359_A","rs2248359","rs2248359","A",FALSE,1.14754782453344,5.87639290238502e-14
"rs2255214_A","rs2255214","rs2255214","A",FALSE,1.06495746984095,0.000770132200675689
"rs2315654_G","rs2256814","rs2315654","G",TRUE,1.0669780544881,0.00585488796643105
"rs2283792_A","rs2283792","rs2283792","A",FALSE,1.09964468448058,1.07217864272847e-07
"rs3087969_G","rs2288904","rs3087969","G",FALSE,1.09811582013476,1.94551137472662e-05
"rs2456449_G","rs2456449","rs2456449","G",TRUE,1.06827443180777,0.000439978452589185
"rs2546890_G","rs2546890","rs2546890","G",FALSE,1.08784370584212,2.50227768316085e-06
"rs2688608_C","rs2688608","rs2688608","C",FALSE,1.08806955596823,2.5063077941728e-06
"rs2726459_A","rs2726518","rs2726459","A",FALSE,1.05822786402023,0.00147081124693203
"rs2744148_G","rs2744148","rs2744148","G",TRUE,1.14635653725786,4.89671899074588e-09
"rs3007421_A","rs3007421","rs3007421","A",TRUE,1.10170424265924,0.000150967016378553
"rs354042_G","rs354033","rs354042","G",FALSE,1.08014868056415,0.000212603026967998
"rs518721_A","rs35967351","rs518721","A",FALSE,1.07029335495781,0.000423391021060473
"rs3748816_G","rs3748817","rs3748816","G",FALSE,1.1883746995914,1.0912175433161e-19
"rs4410871_A","rs4410871","rs4410871","A",FALSE,1.09558287700123,5.98895553608875e-06
"rs470119_A","rs470119","rs470119","A",TRUE,1.07170629608514,0.000132286597184494
"rs4772201_G","rs4772201","rs4772201","G",FALSE,1.11544983133405,3.16229403262942e-06
"rs11079784_A","rs4794058","rs11079784","A",FALSE,1.10235778556931,4.94676089811408e-08
"rs9891119_C","rs4796791","rs9891119","C",TRUE,1.10122791859456,2.11108572518195e-07
"rs1569723_C","rs4810485","rs1569723","C",TRUE,1.10307428003181,1.19823895076922e-06
"rs4075958_A","rs4976646","rs4075958","A",TRUE,1.09700320781214,3.1123053229229e-06
"rs523604_G","rs523604","rs523604","G",FALSE,1.10441039495795,4.49038807652091e-08
"rs519982_A","rs533646","rs519982","A",FALSE,1.08407271119854,3.38115007782605e-05
"rs2297909_A","rs55838263","rs2297909","A",FALSE,1.09081260238249,7.9960858395834e-06
"rs9806693_A","rs59772922","rs9806693","A",FALSE,1.09019348026199,0.000182698165205114
"rs11984075_G","rs60600003","rs11984075","G",TRUE,1.12802129628736,1.39330173211441e-05
"rs12928822_A","rs6498184","rs12928822","A",FALSE,1.15263046798313,9.70748413178545e-09
"rs666930_A","rs666930","rs666930","A",FALSE,1.07415437462033,6.33183702927901e-05
"rs758518_G","rs6677309","rs758518","G",FALSE,1.22371453029012,6.04114756584915e-12
"rs1373692_A","rs6880778","rs1373692","A",FALSE,1.11919823562697,6.20352751949832e-10
"rs6897932_A","rs6881706","rs6897932","A",FALSE,1.12722692797751,4.6326447460368e-09
"rs774250_A","rs706015","rs774250","A",TRUE,1.06357494013911,0.00729354144235434
"rs655293_G","rs7132277","rs655293","G",TRUE,1.06549069250435,0.00284442202310539
"rs10065637_A","rs71624119","rs10065637","A",FALSE,1.08431168340489,0.000287647360131029
"rs7196953_A","rs7196953","rs7196953","A",TRUE,1.08521872106015,2.13274322600494e-05
"rs7204270_G","rs7204270","rs7204270","G",TRUE,1.09231788346967,7.86066243449053e-07
"rs4545915_A","rs7238078","rs4545915","A",FALSE,1.13841153878201,1.27626558577737e-09
"rs10944479_A","rs72928038","rs10944479","A",TRUE,1.1939642610188,5.8736288735812e-15
"rs756699_G","rs756699","rs756699","G",FALSE,1.10953586555201,5.12899034511865e-05
"rs3816281_A","rs7595717","rs3816281","A",TRUE,1.06221035541708,0.00252434248049114
"rs759648_C","rs759648","rs759648","C",TRUE,1.0614389953779,0.00203836507258045
"rs2866413_G","rs7665090","rs2866413","G",FALSE,1.10134951190102,5.69732216850534e-08
"rs7923837_A","rs7923837","rs7923837","A",FALSE,1.12119532809332,5.52663299943199e-10
"rs1624116_G","rs793108","rs1624116","G",FALSE,1.05827179797552,0.00166808038886838
"rs2777899_A","rs8070345","rs2777899","A",TRUE,1.06311316138861,0.00056113217493737
"rs2303759_C","rs8107548","rs2303759","C",TRUE,1.13490614483753,2.20230470068613e-10
"rs12713430_A","rs842639","rs12713430","A",FALSE,1.11558663110225,1.03868845074617e-08
"rs917117_A","rs917116","rs917117","A",TRUE,1.07315968194536,0.000977616726953083
"rs9282641_A","rs9282641","rs9282641","A",FALSE,1.13785934132994,0.000200984136992429
"rs941816_G","rs941816","rs941816","G",TRUE,1.11527213756697,6.38063467999984e-07
"rs9828629_A","rs9828629","rs9828629","A",FALSE,1.05621511587368,0.00296255744691123
"rs4555370_A","rs9967792","rs4555370","A",FALSE,1.05858941334911,0.00220504832412203
"rs13397985_C","rs9989735","rs13397985","C",TRUE,1.10369642736436,8.9268170162559e-06
