"","rsIDforJoseph","num_proxies","BR_Proxy","BR_MissingRate","BR_RSquared","BR_Order","BMR_Proxy","BMR_MissingRate","BMR_RSquared","BMR_Order","rsID","allele","isRiskAllele","coeff","OR","z.val","p.val"
"rs1014486_G","rs1014486",1,"rs1014486",0.000495900555408622,1,1,"rs1014486",0.000495900555408622,1,1,"rs1014486","G",TRUE,0.0732887048016732,1.07604115032165,4.08775648156174,4.35565009130273e-05
"rs7842142_A","rs1021156",4,"rs7842142",0.000661200740544829,1,12,"rs7842142",0.000661200740544829,1,12,"rs7842142","A",TRUE,0.0833426089204568,1.08691413124119,4.2370807539671,2.26444709640089e-05
"rs1077667_A","rs1077667",1,"rs1077667",0.000462840518381381,1,1,"rs1077667",0.000462840518381381,1,1,"rs1077667","A",FALSE,0.192551727491253,1.21233921335158,8.63924884614004,5.6583808123451e-18
"rs11052877_G","rs11052877",1,"rs11052877",0.000694260777572071,1,1,"rs11052877",0.000694260777572071,1,1,"rs11052877","G",TRUE,0.0416919852458283,1.0425733013305,2.28262414075905,0.0224525177053013
"rs11154801_A","rs11154801",1,"rs11154801",0.000793440888653795,1,1,"rs11154801",0.000793440888653795,1,1,"rs11154801","A",TRUE,0.161947227261486,1.17579818959329,8.78303036084457,1.59128198742413e-18
"rs2293370_A","rs1131265",3,"rs2293370",0.000462840518381381,1,2,"rs2293370",0.000462840518381381,1,2,"rs2293370","A",FALSE,0.153394131703254,1.1657843609841,6.46149190604251,1.03675702118252e-10
"rs4808762_G","rs11554159",2,"rs4808762",0.000562020629463105,0.819,3,"rs4808762",0.000562020629463105,0.819,3,"rs4808762","G",FALSE,0.146692477876794,1.15799779832679,7.2398469192436,4.49191456865061e-13
"rs11581062_G","rs11581062",4,"rs11581062",0.000495900555408622,1,1,"rs11581062",0.000495900555408622,1,1,"rs11581062","G",TRUE,0.123815042737548,1.1318065158041,6.35571165724946,2.07463867251278e-10
"rs11587876_G","rs11587876",2,"rs11587876",0.000528960592435864,1,1,"rs11587876",0.000528960592435864,1,1,"rs11587876","G",FALSE,0.0884813321251355,1.09251385750813,3.91808213915927,8.92562937116866e-05
"rs9284846_A","rs11719975",2,"rs9284846",0.000495900555408622,1,11,"rs9284846",0.000495900555408622,1,11,"rs9284846","A",TRUE,0.087608369951663,1.0915605503976,4.36973223447883,1.2439898030832e-05
"rs4074156_G","rs12087340",1,"rs4074156",0.000760380851626554,0.818,17,"rs4074156",0.000760380851626554,0.818,17,"rs4074156","G",TRUE,0.169861029480909,1.18514014033515,5.97729782660922,2.26869212298601e-09
"rs12148050_A","rs12148050",1,"rs12148050",0.00115710129595345,1,1,"rs12148050",0.00115710129595345,1,1,"rs12148050","A",TRUE,0.0790801541745438,1.08229106874095,4.28521545742496,1.82562172516584e-05
"rs7199945_A","rs12149527",2,"rs7199945",0.00089262099973552,0.901,2,"rs7199945",0.00089262099973552,0.901,2,"rs7199945","A",TRUE,0.0772421699975705,1.08030366185241,4.31886709827806,1.56832184439428e-05
"rs2364482_C","rs12296430",1,"rs2364482",0.000595080666490346,1,3,"rs2364482",0.000595080666490346,1,3,"rs2364482","C",TRUE,0.0737557434730302,1.0765438205249,3.37670290759052,0.000733602408341906
"rs2041670_A","rs12927355",3,"rs2041670",0.000562020629463105,1,9,"rs2041670",0.000562020629463105,1,9,"rs2041670","A",FALSE,0.192086268288203,1.21177505021515,9.90766147100652,3.85564976979166e-23
"rs2305480_A","rs12946510",2,"rs2305480",0.000793440888653795,0.875,27,"rs2305480",0.000793440888653795,0.875,27,"rs2305480","A",TRUE,0.0489795352083744,1.05019885841931,2.73919410528486,0.00615899989354124
"rs2816316_C","rs1359062",3,"rs2816316",0.000958741073790003,0.945,9,"rs2816316",0.000958741073790003,0.945,9,"rs2816316","C",FALSE,0.103298907840263,1.10882279537356,4.31598565607524,1.58892297354369e-05
"rs17066096_G","rs17066096",1,"rs17066096",0.000694260777572071,1,1,"rs17066096",0.000694260777572071,1,1,"rs17066096","G",TRUE,0.131955177052685,1.14105717257544,6.43005552279546,1.27557343508443e-10
"rs1267499_A","rs17119",3,"rs1267499",0.00023142025919069,0.917,10,"rs1267499",0.00023142025919069,0.917,10,"rs1267499","A",FALSE,0.113853080805431,1.12058747697992,4.99493472336231,5.8855671374742e-07
"rs17174870_A","rs17174870",1,"rs17174870",0.00115710129595345,1,1,"rs17174870",0.00115710129595345,1,1,"rs17174870","A",FALSE,0.131627150719912,1.14068293715853,6.31492060018465,2.70300217188392e-10
"rs1800693_G","rs1800693",2,"rs1800693",0.000760380851626554,1,1,"rs1800693",0.000760380851626554,1,1,"rs1800693","G",TRUE,0.109173422258413,1.11535576108512,6.00938392536748,1.86229640503127e-09
"rs427221_G","rs1813375",2,"rs427221",0.00115710129595345,1,5,"rs669607",0.000826500925681037,0.967,14,"rs427221","G",TRUE,0.138925607688655,1.14903861718545,7.81017163302875,5.7110161549557e-15
"rs1843938_A","rs1843938",1,"rs1843938",0.000462840518381381,1,1,"rs1843938",0.000462840518381381,1,1,"rs1843938","A",TRUE,0.0752213215672617,1.07812273629531,4.18166934698545,2.89376597582698e-05
"rs1870071_G","rs1870071",2,"rs1870071",0.000330600370272415,1,1,"rs1870071",0.000330600370272415,1,1,"rs1870071","G",TRUE,0.0696179475006186,1.07209850508685,3.60604405592164,0.000310900376512722
"rs1886700_A","rs1886700",1,"rs1886700",0.000760380851626554,1,1,"rs1886700",0.000760380851626554,1,1,"rs1886700","A",TRUE,0.095357733250056,1.10005231003406,3.95537933771233,7.64133079220093e-05
"rs6438678_G","rs1920296",4,"rs6438678",0.000628140703517588,1,4,"rs6438678",0.000628140703517588,1,4,"rs6438678","G",FALSE,0.0951177305824807,1.09978832622485,5.03636375825536,4.74458529939117e-07
"rs2028597_A","rs2028597",2,"rs2028597",0.000429780481354139,1,1,"rs2028597",0.000429780481354139,1,1,"rs2028597","A",FALSE,0.163005799816488,1.17704351630506,4.8717209334176,1.10630358897125e-06
"rs2050568_A","rs2050568",4,"rs2050568",0.000495900555408622,1,1,"rs7522061",0.000396720444326898,0.869,31,"rs2050568","A",FALSE,0.0638117183482615,1.06589169201905,3.56274668945902,0.000366994767932627
"rs2150702_A","rs2150702",1,"rs2150702",0.000562020629463105,1,1,"rs2150702",0.000562020629463105,1,1,"rs2150702","A",TRUE,-0.00671381620821366,0.993308671102458,-0.378141452174255,0.70532551611782
"rs4899263_G","rs2236262",1,"rs4899263",0.000727320814599312,0.822,11,"rs4899263",0.000727320814599312,0.822,11,"rs4899263","G",TRUE,0.0792532658446371,1.08247844217318,4.4414519266536,8.93539108367335e-06
"rs2248359_A","rs2248359",1,"rs2248359",0.000628140703517588,1,1,"rs2248359",0.000628140703517588,1,1,"rs2248359","A",FALSE,0.137627339237419,1.14754782453344,7.51080709987135,5.87639290238502e-14
"rs2255214_A","rs2255214",1,"rs2255214",0.00244644274001587,1,1,"rs2255214",0.00244644274001587,1,1,"rs2255214","A",FALSE,0.0629348639423459,1.06495746984095,3.36331218291256,0.000770132200675689
"rs2315654_G","rs2256814",1,"rs2315654",0.00102486114784449,0.941,12,"rs2315654",0.00102486114784449,0.941,12,"rs2315654","G",TRUE,0.0648304046180339,1.0669780544881,2.75579947224421,0.00585488796643105
"rs2283792_A","rs2283792",5,"rs2283792",0.00102486114784449,1,1,"rs240066",0.000330600370272415,0.812,58,"rs2283792","A",FALSE,0.0949871135154688,1.09964468448058,5.31404543899686,1.07217864272847e-07
"rs3087969_G","rs2288904",2,"rs3087969",0.000793440888653795,1,7,"rs3087969",0.000793440888653795,1,7,"rs3087969","G",FALSE,0.0935958203429584,1.09811582013476,4.27105417293426,1.94551137472662e-05
"rs2456449_G","rs2456449",4,"rs2456449",0.00109098122189897,1,1,"rs2466031",0.00089262099973552,0.811,10,"rs2456449","G",TRUE,0.0660446661512949,1.06827443180777,3.51486447892682,0.000439978452589185
"rs2546890_G","rs2546890",1,"rs2546890",0.00112404125892621,1,1,"rs2546890",0.00112404125892621,1,1,"rs2546890","G",FALSE,0.0841974853960721,1.08784370584212,4.70794404027065,2.50227768316085e-06
"rs2688608_C","rs2688608",2,"rs2688608",0.000562020629463105,1,1,"rs2688608",0.000562020629463105,1,1,"rs2688608","C",FALSE,0.0844050765081698,1.08806955596823,4.70761590496649,2.5063077941728e-06
"rs2726459_A","rs2726518",2,"rs2726459",0.00115710129595345,0.967,9,"rs2726459",0.00115710129595345,0.967,9,"rs2726459","A",FALSE,0.0565956826666724,1.05822786402023,3.18038180621358,0.00147081124693203
"rs2744148_G","rs2744148",1,"rs2744148",0.000429780481354139,1,1,"rs2744148",0.000429780481354139,1,1,"rs2744148","G",TRUE,0.136588684442114,1.14635653725786,5.85064447763261,4.89671899074588e-09
"rs3007421_A","rs3007421",1,"rs3007421",0.000859560962708278,1,1,"rs3007421",0.000859560962708278,1,1,"rs3007421","A",TRUE,0.0968582923678505,1.10170424265924,3.78947333225825,0.000150967016378553
"rs354042_G","rs354033",4,"rs354042",0.000628140703517588,1,4,"rs354042",0.000628140703517588,1,4,"rs354042","G",FALSE,0.0770986988498953,1.08014868056415,3.70355027083357,0.000212603026967998
"rs518721_A","rs35967351",1,"rs518721",0.00195054218460725,0.861,12,"rs518721",0.00195054218460725,0.861,12,"rs518721","A",FALSE,0.0679327744098351,1.07029335495781,3.5250574112006,0.000423391021060473
"rs3748816_G","rs3748817",3,"rs3748816",0.000958741073790003,0.928,42,"rs3890745",0.000562020629463105,0.926,53,"rs3748816","G",FALSE,0.172586574907631,1.1883746995914,9.0794531109928,1.0912175433161e-19
"rs4410871_A","rs4410871",1,"rs4410871",0.000495900555408622,1,1,"rs4410871",0.000495900555408622,1,1,"rs4410871","A",FALSE,0.0912865294066228,1.09558287700123,4.52677885377603,5.98895553608875e-06
"rs470119_A","rs470119",1,"rs470119",0.000661200740544829,1,1,"rs470119",0.000661200740544829,1,1,"rs470119","A",TRUE,0.0692520475773874,1.07170629608514,3.82216225354288,0.000132286597184494
"rs4772201_G","rs4772201",1,"rs4772201",0.000562020629463105,1,1,"rs4772201",0.000562020629463105,1,1,"rs4772201","G",FALSE,0.109257759727629,1.11544983133405,4.65998696887447,3.16229403262942e-06
"rs11079784_A","rs4794058",7,"rs11079784",0.00161994181433483,1,11,"rs9893901",0.000528960592435864,0.806,80,"rs11079784","A",FALSE,0.0974513273376942,1.10235778556931,5.45321352953209,4.94676089811408e-08
"rs9891119_C","rs4796791",1,"rs9891119",0.000562020629463105,0.965,7,"rs9891119",0.000562020629463105,0.965,7,"rs9891119","C",TRUE,0.0964258468477514,1.10122791859456,5.18928016154724,2.11108572518195e-07
"rs1569723_C","rs4810485",2,"rs1569723",0.00105792118487173,0.956,2,"rs1569723",0.00105792118487173,0.956,2,"rs1569723","C",TRUE,0.0981010816410665,1.10307428003181,4.8559285666318,1.19823895076922e-06
"rs4903324_A","rs4903324",4,"rs4903324",0.000595080666490346,1,1,"rs3759738",0.000462840518381381,0.943,11,"rs4903324","A",TRUE,0.0279655520395599,1.02836025889774,1.27325531062391,0.2029274592185
"rs4075958_A","rs4976646",1,"rs4075958",0.000462840518381381,0.835,9,"rs4075958",0.000462840518381381,0.835,9,"rs4075958","A",TRUE,0.0925821054566717,1.09700320781214,4.66326567432345,3.1123053229229e-06
"rs523604_G","rs523604",1,"rs523604",0.00155382174028035,1,1,"rs523604",0.00155382174028035,1,1,"rs523604","G",FALSE,0.0993116133420854,1.10441039495795,5.47039297330592,4.49038807652091e-08
"rs519982_A","rs533646",2,"rs519982",0.000760380851626554,1,11,"rs519982",0.000760380851626554,1,11,"rs519982","A",FALSE,0.0807249775193337,1.08407271119854,4.1461482133064,3.38115007782605e-05
"rs2297909_A","rs55838263",3,"rs2297909",0.000958741073790003,0.894,20,"rs12122721",0.000363660407299656,0.893,25,"rs2297909","A",FALSE,0.086922925261838,1.09081260238249,4.46528868946828,7.9960858395834e-06
"rs9806693_A","rs59772922",1,"rs9806693",0.00204972229568897,1,4,"rs9806693",0.00204972229568897,1,4,"rs9806693","A",FALSE,0.086355185316448,1.09019348026199,3.741812010113,0.000182698165205114
"rs11984075_G","rs60600003",1,"rs11984075",0.00191748214758001,0.867,37,"rs11984075",0.00191748214758001,0.867,37,"rs11984075","G",TRUE,0.120465032585024,1.12802129628736,4.34491410186859,1.39330173211441e-05
"rs12928822_A","rs6498184",5,"rs12928822",0.000495900555408622,1,16,"rs12928822",0.000495900555408622,1,16,"rs12928822","A",FALSE,0.142046693805294,1.15263046798313,5.73576210207183,9.70748413178545e-09
"rs666930_A","rs666930",1,"rs666930",0.000694260777572071,1,1,"rs666930",0.000694260777572071,1,1,"rs666930","A",FALSE,0.071533723765111,1.07415437462033,4.00009010565105,6.33183702927901e-05
"rs758518_G","rs6677309",1,"rs758518",0.00132240148108966,1,3,"rs758518",0.00132240148108966,1,3,"rs758518","G",FALSE,0.201890930001356,1.22371453029012,6.87867577938147,6.04114756584915e-12
"rs1373692_A","rs6880778",2,"rs1373692",0.000429780481354139,0.835,16,"rs1373692",0.000429780481354139,0.835,16,"rs1373692","A",FALSE,0.112612567908786,1.11919823562697,6.18517077477098,6.20352751949832e-10
"rs6897932_A","rs6881706",1,"rs6897932",0.000727320814599312,1,5,"rs6897932",0.000727320814599312,1,5,"rs6897932","A",FALSE,0.119760570580216,1.12722692797751,5.85985752093573,4.6326447460368e-09
"rs774250_A","rs706015",1,"rs774250",0.000694260777572071,0.929,2,"rs774250",0.000694260777572071,0.929,2,"rs774250","A",TRUE,0.0616358187506665,1.06357494013911,2.68313558420888,0.00729354144235434
"rs7120737_G","rs7120737",4,"rs7120737",0.000297540333245173,1,1,"rs7120737",0.000297540333245173,1,1,"rs7120737","G",FALSE,0.000737007770818394,1.00073727942778,0.0299512321242455,0.976105946829267
"rs655293_G","rs7132277",5,"rs655293",0.00145464162919862,0.947,4,"rs937564",0.000462840518381381,0.898,51,"rs655293","G",TRUE,0.0634354371869393,1.06549069250435,2.98406944910602,0.00284442202310539
"rs10065637_A","rs71624119",1,"rs10065637",0.000264480296217932,0.904,2,"rs10065637",0.000264480296217932,0.904,2,"rs10065637","A",FALSE,0.0809453925047137,1.08431168340489,3.62617777659265,0.000287647360131029
"rs7196953_A","rs7196953",1,"rs7196953",0.000661200740544829,1,1,"rs7196953",0.000661200740544829,1,1,"rs7196953","A",TRUE,0.0817815529072025,1.08521872106015,4.25052049049311,2.13274322600494e-05
"rs7204270_G","rs7204270",2,"rs7204270",0.00168606188838932,1,1,"rs7204270",0.00168606188838932,1,1,"rs7204270","G",TRUE,0.0883019370391757,1.09231788346967,4.93879542179736,7.86066243449053e-07
"rs4545915_A","rs7238078",3,"rs4545915",0.000429780481354139,1,17,"rs4545915",0.000429780481354139,1,17,"rs4545915","A",FALSE,0.129633903706659,1.13841153878201,6.07035656972659,1.27626558577737e-09
"rs10944479_A","rs72928038",1,"rs10944479",0.00185136207352552,0.932,2,"rs10944479",0.00185136207352552,0.932,2,"rs10944479","A",TRUE,0.177279082377373,1.1939642610188,7.80663234396349,5.8736288735812e-15
"rs756699_G","rs756699",2,"rs756699",0.000330600370272415,1,1,"rs756699",0.000330600370272415,1,1,"rs756699","G",FALSE,0.103941788737364,1.10953586555201,4.04967001939718,5.12899034511865e-05
"rs3816281_A","rs7595717",2,"rs3816281",0.000694260777572071,0.92,5,"rs3816281",0.000694260777572071,0.92,5,"rs3816281","A",TRUE,0.060351977986209,1.06221035541708,3.02040816396586,0.00252434248049114
"rs759648_C","rs759648",1,"rs759648",0.00138852155514414,1,1,"rs759648",0.00138852155514414,1,1,"rs759648","C",TRUE,0.0596255303051788,1.0614389953779,3.08458477795302,0.00203836507258045
"rs2866413_G","rs7665090",3,"rs2866413",0.000760380851626554,1,34,"rs228614",0.000727320814599312,0.87,71,"rs2866413","G",FALSE,0.0965362568654894,1.10134951190102,5.4280495590585,5.69732216850534e-08
"rs686851_G","rs7769192",3,"rs686851",0.000958741073790003,0.902,41,"rs686851",0.000958741073790003,0.902,41,"rs686851","G",FALSE,0.0432854354430107,1.04423591425673,2.42487249927517,0.0153137639816338
"rs7923837_A","rs7923837",1,"rs7923837",0.00148770166622587,1,1,"rs7923837",0.00148770166622587,1,1,"rs7923837","A",FALSE,0.114395373419081,1.12119532809332,6.20337104079065,5.52663299943199e-10
"rs1624116_G","rs793108",1,"rs1624116",0.00089262099973552,0.869,8,"rs1624116",0.00089262099973552,0.869,8,"rs1624116","G",FALSE,0.0566371983409618,1.05827179797552,3.14373216188449,0.00166808038886838
"rs8042861_A","rs8042861",5,"rs8042861",0.000991801110817244,1,1,"rs8033595",0.00089262099973552,0.83,56,"rs8042861","A",TRUE,0.0360844193646523,1.03674336401288,2.03775794505245,0.0415741460746979
"rs2777899_A","rs8070345",3,"rs2777899",0.000793440888653795,0.966,6,"rs2777899",0.000793440888653795,0.966,6,"rs2777899","A",TRUE,0.0612015484339012,1.06311316138861,3.4497373668574,0.00056113217493737
"rs2303759_C","rs8107548",1,"rs2303759",0.00128934144406242,0.918,12,"rs2303759",0.00128934144406242,0.918,12,"rs2303759","C",TRUE,0.126549955741109,1.13490614483753,6.34652660900638,2.20230470068613e-10
"rs12713430_A","rs842639",5,"rs12713430",0.000760380851626554,1,3,"rs842647",0.000628140703517588,0.964,7,"rs12713430","A",FALSE,0.109380393105142,1.11558663110225,5.72428730538083,1.03868845074617e-08
"rs917117_A","rs917116",1,"rs917117",0.00105792118487173,0.838,8,"rs917117",0.00105792118487173,0.838,8,"rs917117","A",TRUE,0.0706072707918461,1.07315968194536,3.29689031276206,0.000977616726953083
"rs9282641_A","rs9282641",2,"rs9282641",0.00023142025919069,1,1,"rs9282641",0.00023142025919069,1,1,"rs9282641","A",FALSE,0.129148726421542,1.13785934132994,3.71777627523179,0.000200984136992429
"rs941816_G","rs941816",1,"rs941816",0.000760380851626554,1,1,"rs941816",0.000760380851626554,1,1,"rs941816","G",TRUE,0.109098444698737,1.11527213756697,4.97932521510211,6.38063467999984e-07
"rs9828629_A","rs9828629",2,"rs9828629",0.000727320814599312,1,1,"rs9828629",0.000727320814599312,1,1,"rs9828629","A",FALSE,0.0546918727520852,1.05621511587368,2.97159651119661,0.00296255744691123
"rs4555370_A","rs9967792",2,"rs4555370",0.000562020629463105,0.964,18,"rs4555370",0.000562020629463105,0.964,18,"rs4555370","A",FALSE,0.0569372797768855,1.05858941334911,3.06112796486148,0.00220504832412203
"rs13397985_C","rs9989735",3,"rs13397985",0.000793440888653795,0.948,12,"rs10201872",0.000760380851626554,0.842,26,"rs13397985","C",TRUE,0.0986649348288485,1.10369642736436,4.44165846468144,8.9268170162559e-06
